Date,VesselName,CallID
1/3/2026,Queen Mary 2,9241061-260103
1/4/2026,MSC Meraviglia,9760512-260104
1/11/2026,MSC Meraviglia,9760512-260111
1/18/2026,MSC Meraviglia,9760512-260118
1/19/2026,Queen Mary 2,9241061-260119
1/25/2026,MSC Meraviglia,9760512-260125
2/1/2026,MSC Meraviglia,9760512-260201
2/8/2026,MSC Meraviglia,9760512-260208
2/15/2026,MSC Meraviglia,9760512-260215
2/22/2026,MSC Meraviglia,9760512-260222
3/1/2026,MSC Meraviglia,9760512-260130
3/8/2026,MSC Meraviglia,9760512-260131
3/15/2026,MSC Meraviglia,9760512-260132
3/22/2026,MSC Meraviglia,9760512-260133
3/29/2026,MSC Meraviglia,9760512-260134
4/5/2026,MSC Meraviglia,9760512-260135
4/12/2026,MSC Meraviglia,9760512-260136
4/19/2026,MSC Meraviglia,9760512-260137
1/2/2027,Queen Mary 2,9241061-270102
1/18/2027,Queen Victoria,9320556-270118
5/19/2027,Queen Mary 2,9241061-270519
6/14/2027,Queen Mary 2,9241061-270614
7/2/2027,Queen Mary 2,9241061-270702
7/9/2027,Queen Mary 2,9241061-270709
7/23/2027,Queen Mary 2,9241061-270723
8/20/2027,Queen Mary 2,9241061-270820
8/21/2027,Regal Princess,9584724-270821
8/28/2027,Regal Princess,9584724-270828
9/4/2027,Regal Princess,9584724-270904
9/11/2027,Regal Princess,9584724-270911
9/17/2027,Queen Mary 2,9241061-270917
9/18/2027,Regal Princess,9584724-270918
9/25/2027,Regal Princess,9584724-270925
10/1/2027,Queen Mary 2,9241061-271001
10/2/2027,Regal Princess,9584724-271002
10/9/2027,Regal Princess,9584724-271009
10/15/2027,Coral Princess,9229659-271015
10/16/2027,Regal Princess,9584724-271016
10/20/2027,Queen Mary 2,9241061-271020
10/23/2027,Regal Princess,9584724-271023
10/30/2027,Regal Princess,9584724-271030
11/6/2027,Regal Princess,9584724-271106
5/8/2026,Queen Mary 2,9241061-260508
5/29/2026,Queen Mary 2,9241061-260529
6/17/2026,Queen Mary 2,9241061-260617
7/3/2026,Queen Mary 2,9241061-260703
7/10/2026,Queen Mary 2,9241061-260710
7/28/2026,Queen Mary 2,9241061-260728
8/18/2026,Queen Mary 2,9241061-260818
9/12/2026,Queen Mary 2,9241061-260912
9/13/2026,Seabourn Ovation,9764958-260913
9/23/2026,Viking Mars,9833187-260923
9/26/2026,Queen Mary 2,9241061-260926
10/3/2026,Majestic Princess,9614141-261003
10/6/2026,Oceania Vista,9876957-261006
10/7/2026,Azamara Journey,9200940-261007
10/10/2026,Majestic Princess,9614141-261010
10/11/2026,Queen Mary 2,9241061-261011
10/17/2026,Majestic Princess,9614141-261017
10/19/2026,Seabourn Ovation,9764958-261019
10/24/2026,Majestic Princess,9614141-261024
10/29/2026,Azamara Journey,9200940-261029
10/30/2026,Queen Mary 2,9241061-261030
10/31/2026,Majestic Princess,9614141-261031
11/1/2026,Sapphire Princess,9228186-261101
11/7/2026,Majestic Princess,9614141-261107
11/17/2026,Queen Mary 2,9241061-261117
11/28/2026,Queen Mary 2,9241061-261128
12/19/2026,Queen Mary 2,9241061-261219
11/7/2027,Europa 2,9616230-271107
11/19/2027,Queen Mary 2,9241061-271119
11/26/2027,Coral Princess,9229659-271126
12/2/2027,Queen Mary 2,9241061-271202
12/21/2027,Queen Mary 2,9241061-271221
